promo_id,sku_id,category,start_date,end_date,discount_pct,channel
PROMO0001,SKU0115,Dairy,2023-10-17,2023-12-10,9.9,all
PROMO0002,SKU0217,Dairy,2022-04-15,2022-05-26,6.1,all
PROMO0003,SKU0288,Personal Care,2022-04-06,2022-05-15,12.0,all
PROMO0004,SKU0302,Snacks,2023-10-28,2023-11-30,14.7,all
PROMO0005,SKU0175,Household,2022-01-07,2022-01-24,14.7,all
PROMO0006,SKU0195,Beverages,2022-08-09,2022-09-06,8.4,all
PROMO0007,SKU0374,Personal Care,2024-05-17,2024-06-09,21.1,all
PROMO0008,SKU0151,Snacks,2022-05-08,2022-06-08,34.0,all
PROMO0009,SKU0361,Beverages,2023-09-26,2023-10-26,7.4,all
PROMO0010,SKU0120,Personal Care,2023-11-09,2023-12-04,35.3,all
PROMO0011,SKU0084,Dairy,2023-01-25,2023-03-13,18.0,all
PROMO0012,SKU0332,Household,2022-08-03,2022-09-23,7.5,all
PROMO0013,SKU0237,Personal Care,2023-10-13,2023-12-05,18.3,all
PROMO0014,SKU0394,Dairy,2023-10-18,2023-11-08,32.2,all
PROMO0015,SKU0138,Snacks,2022-08-23,2022-10-20,7.3,all
PROMO0016,SKU0256,Dairy,2023-08-04,2023-08-31,18.8,all
PROMO0017,SKU0382,Snacks,2023-10-21,2023-11-13,24.6,all
PROMO0018,SKU0205,Household,2022-09-27,2022-10-31,17.7,all
PROMO0019,SKU0057,Beverages,2022-05-22,2022-06-03,10.3,all
PROMO0020,SKU0198,Snacks,2022-06-13,2022-07-17,18.4,all
PROMO0021,SKU0006,Household,2023-04-25,2023-06-06,28.8,all
PROMO0022,SKU0394,Dairy,2022-04-28,2022-06-08,27.4,all
PROMO0023,SKU0370,Personal Care,2022-04-25,2022-05-12,35.7,all
PROMO0024,SKU0055,Personal Care,2022-09-27,2022-11-21,35.5,all
PROMO0025,SKU0079,Household,2022-11-02,2022-12-11,18.1,all
PROMO0026,SKU0001,Beverages,2022-06-15,2022-08-10,26.0,all
PROMO0027,SKU0158,Household,2023-05-16,2023-05-10,13.4,all
PROMO0028,SKU0249,Dairy,2022-09-04,2022-09-16,33.6,all
PROMO0029,SKU0244,Personal Care,2024-02-18,2024-03-04,38.1,all
PROMO0030,SKU0109,Beverages,2022-06-19,2022-08-03,37.5,all
PROMO0031,SKU0205,Household,2024-02-13,2024-03-03,39.8,all
PROMO0032,SKU0127,Household,2023-10-28,2023-12-07,12.9,all
PROMO0033,SKU0113,Household,2022-12-13,2022-12-04,5.3,all
PROMO0034,SKU0017,Dairy,2023-12-26,2024-01-16,35.1,all
PROMO0035,SKU0110,Beverages,2022-03-14,2022-04-07,23.9,all
PROMO0036,SKU0125,Beverages,2024-01-11,2024-02-23,32.5,all
PROMO0037,SKU0221,Household,2024-04-06,2024-04-19,17.4,all
PROMO0038,SKU0335,Household,2023-02-25,2023-04-19,39.4,all
PROMO0039,SKU0056,Beverages,2022-04-11,2022-06-03,13.7,all
PROMO0040,SKU0143,Dairy,2022-07-14,2022-07-29,21.2,all
PROMO0041,SKU0334,Household,2022-03-19,2022-04-30,40.0,all
PROMO0042,SKU0122,Personal Care,2024-05-06,2024-05-04,10.8,all
PROMO0043,SKU0085,Dairy,2023-05-13,2023-06-14,18.3,all
PROMO0044,SKU0147,Household,2023-02-04,2023-04-02,19.8,all
PROMO0045,SKU0250,Beverages,2024-01-19,2024-03-01,10.4,all
PROMO0046,SKU0278,Snacks,2022-10-31,2022-11-10,7.1,all
PROMO0047,SKU0272,Snacks,2022-11-18,2023-01-01,10.5,all
PROMO0048,SKU0035,Household,2023-06-05,2023-06-23,28.6,all
PROMO0049,SKU0305,Dairy,2022-08-29,2022-10-11,6.4,all
PROMO0050,SKU0162,Beverages,2022-03-25,2022-05-08,37.7,all
PROMO0051,SKU0203,Beverages,2022-07-29,2022-08-25,9.6,all
PROMO0052,SKU0038,Beverages,2023-10-23,2023-11-19,5.3,all
PROMO0053,SKU0110,Beverages,2023-09-29,2023-10-12,22.7,all
PROMO0054,SKU0190,Beverages,2022-05-16,2022-05-27,15.0,all
PROMO0055,SKU0335,Household,2023-03-25,2023-05-16,23.5,all
PROMO0056,SKU0054,Dairy,2023-11-15,2023-12-11,37.9,all
PROMO0057,SKU0080,Beverages,2022-05-18,2022-05-31,14.5,all
PROMO0058,SKU0325,Snacks,2023-09-12,2023-10-10,34.9,all
PROMO0059,SKU0217,Dairy,2023-06-02,2023-06-12,34.0,all
PROMO0060,SKU0135,Beverages,2022-02-15,2022-02-12,10.7,all
PROMO0061,SKU0058,Dairy,2023-03-29,2023-05-02,7.6,all
PROMO0062,SKU9998,Beverages,2023-12-09,2024-01-19,25.4,all
PROMO0063,SKU0021,Household,2022-06-01,2022-06-10,36.5,all
PROMO0064,SKU0400,Household,2022-08-04,2022-09-22,24.6,all
PROMO0065,SKU0122,Personal Care,2023-02-21,2023-04-16,35.3,all
PROMO0066,SKU9998,Beverages,2024-03-30,2024-05-02,32.4,all
PROMO0067,SKU0137,Beverages,2023-02-26,2023-04-21,10.6,all
PROMO0068,SKU0114,Household,2023-12-20,2023-12-29,12.0,all
PROMO0069,SKU0117,Household,2023-04-17,2023-06-15,12.8,all
PROMO0070,SKU0036,Household,2023-11-07,2023-12-05,38.8,all
PROMO0071,SKU0275,Household,2022-10-13,2022-11-21,16.6,all
PROMO0072,SKU0136,Household,2022-01-29,2022-02-21,6.3,all
PROMO0073,SKU0224,Household,2023-09-03,2023-10-26,26.2,all
PROMO0074,SKU0023,Snacks,2023-06-08,2023-07-21,29.8,all
PROMO0075,SKU0369,Dairy,2022-01-02,2022-03-01,37.9,all
PROMO0076,SKU0341,Dairy,2024-01-25,2024-02-24,37.2,all
PROMO0077,SKU0154,Personal Care,2023-10-01,2023-10-15,22.7,all
PROMO0078,SKU0284,Beverages,2023-11-14,2023-12-16,9.5,all
PROMO0079,SKU0090,Dairy,2023-03-07,2023-04-07,26.5,all
PROMO0080,SKU9998,Beverages,2022-11-05,2023-01-04,12.4,all
PROMO0081,SKU0227,Dairy,2024-03-15,2024-05-02,20.5,all
PROMO0082,SKU0377,Snacks,2022-08-07,2022-10-03,10.9,all
PROMO0083,SKU0172,Snacks,2022-03-28,2022-05-16,8.3,all
PROMO0084,SKU0102,Beverages,2024-02-09,2024-03-06,10.2,all
PROMO0085,SKU0394,Dairy,2022-02-17,2022-03-26,7.5,all
PROMO0086,SKU0357,Beverages,2023-03-01,2023-04-13,18.4,all
PROMO0087,SKU0385,Beverages,2023-02-14,2023-04-03,35.1,all
PROMO0088,SKU0357,Beverages,2022-04-20,2022-05-11,23.1,all
PROMO0089,SKU0238,Household,2022-02-21,2022-03-07,28.4,all
PROMO0090,SKU0314,Personal Care,2023-07-27,2023-09-20,33.5,all
PROMO0091,SKU0082,Dairy,2023-06-01,2023-07-13,31.0,all
PROMO0092,SKU0327,Personal Care,2023-05-02,2023-06-26,14.7,all
PROMO0093,SKU0226,Snacks,2024-03-07,2024-04-23,7.7,all
PROMO0094,SKU0277,Beverages,2022-10-20,2022-11-17,7.8,all
PROMO0095,SKU0110,Beverages,2022-06-04,2022-07-25,7.2,all
PROMO0096,SKU0106,Dairy,2023-02-22,2023-03-30,34.2,all
PROMO0097,SKU0011,Personal Care,2023-02-03,2023-03-19,35.0,all
PROMO0098,SKU9998,Beverages,2024-02-23,2024-03-31,15.5,all
PROMO0099,SKU0383,Household,2023-02-04,2023-04-05,30.7,all
PROMO0100,SKU0140,Dairy,2024-03-30,2024-04-20,20.3,all
PROMO0101,SKU0208,Personal Care,2022-01-30,2022-03-20,30.3,all
PROMO0102,SKU0274,Snacks,2024-05-10,2024-05-25,5.9,all
PROMO0103,SKU9998,Beverages,2023-02-08,2023-03-29,9.7,all
PROMO0104,SKU0109,Beverages,2023-04-18,2023-05-11,20.9,all
PROMO0105,SKU0216,Beverages,2022-12-12,2023-01-12,13.8,all
PROMO0106,SKU0180,Personal Care,2022-03-25,2022-05-18,12.8,all
PROMO0107,SKU9999,Beverages,2022-03-12,2022-04-29,38.2,all
PROMO0108,SKU0065,Dairy,2022-07-24,2022-09-08,21.6,all
PROMO0109,SKU0132,Household,2022-04-28,2022-05-18,31.8,all
PROMO0110,SKU0399,Snacks,2022-06-21,2022-08-14,33.7,all
PROMO0111,SKU0295,Beverages,2022-11-15,2022-11-23,28.7,all
PROMO0112,SKU0304,Snacks,2023-01-20,2023-03-13,29.2,all
PROMO0113,SKU0351,Personal Care,2023-10-05,2023-11-25,26.0,all
PROMO0114,SKU0178,Snacks,2022-05-04,2022-06-16,23.6,all
PROMO0115,SKU0007,Household,2023-11-09,2023-12-18,34.7,all
PROMO0116,SKU0326,Snacks,2024-04-22,2024-05-26,36.2,all
PROMO0117,SKU0268,Dairy,2023-04-16,2023-05-20,38.8,all
PROMO0118,SKU0239,Personal Care,2022-10-04,2022-11-14,20.2,all
PROMO0119,SKU0045,Snacks,2024-01-19,2024-02-15,14.8,all
PROMO0120,SKU0343,Snacks,2023-04-07,2023-05-13,18.3,all
PROMO0121,SKU0109,Beverages,2022-01-30,2022-02-26,17.4,all
PROMO0122,SKU0142,Personal Care,2022-09-22,2022-11-06,24.5,all
PROMO0123,SKU0209,Snacks,2023-06-14,2023-06-26,22.1,all
PROMO0124,SKU0252,Beverages,2024-02-16,2024-03-24,20.7,all
PROMO0125,SKU0125,Beverages,2022-01-18,2022-02-08,15.7,all
PROMO0126,SKU0218,Dairy,2023-08-19,2023-09-30,39.9,all
PROMO0127,SKU0157,Household,2023-07-18,2023-09-07,13.8,all
PROMO0128,SKU0275,Household,2022-05-04,2022-05-31,38.3,all
PROMO0129,SKU0142,Personal Care,2023-12-08,2023-12-28,30.4,all
PROMO0130,SKU0100,Snacks,2024-02-18,2024-03-14,15.4,all
PROMO0131,SKU0065,Dairy,2023-01-05,2023-01-12,14.6,all
PROMO0132,SKU0327,Personal Care,2022-02-25,2022-04-17,35.4,all
PROMO0133,SKU0241,Household,2023-05-18,2023-05-25,21.8,all
PROMO0134,SKU0245,Beverages,2022-12-15,2022-12-25,9.0,all
PROMO0135,SKU0352,Personal Care,2022-03-08,2022-03-19,6.9,all
PROMO0136,SKU0128,Personal Care,2022-06-02,2022-06-28,9.1,all
PROMO0137,SKU0116,Snacks,2024-02-22,2024-04-07,32.1,all
PROMO0138,SKU0302,Snacks,2023-01-25,2023-03-01,39.7,all
PROMO0139,SKU0379,Dairy,2022-11-09,2022-11-19,8.5,all
PROMO0140,SKU0042,Personal Care,2024-02-21,2024-03-12,10.5,all
PROMO0141,SKU9998,Beverages,2022-06-27,2022-07-14,29.1,all
PROMO0142,SKU0145,Personal Care,2023-04-27,2023-05-18,29.6,all
PROMO0143,SKU0321,Personal Care,2023-04-10,2023-05-01,25.6,all
PROMO0144,SKU0116,Snacks,2024-04-03,2024-05-07,27.7,all
PROMO0145,SKU0158,Household,2022-09-30,2022-10-11,25.8,all
PROMO0146,SKU0240,Household,2024-04-24,2024-05-19,29.1,all
PROMO0147,SKU0253,Beverages,2023-12-18,2024-01-11,20.3,all
PROMO0148,SKU0310,Dairy,2023-09-05,2023-08-29,13.8,all
PROMO0149,SKU0295,Beverages,2022-04-04,2022-05-24,25.5,all
PROMO0150,SKU0296,Personal Care,2022-01-22,2022-03-13,6.4,all
PROMO0151,SKU0143,Dairy,2024-02-14,2024-03-25,11.4,all
PROMO0152,SKU0047,Household,2023-08-23,2023-10-21,21.5,all
PROMO0153,SKU0083,Beverages,2023-02-23,2023-04-13,16.5,all
PROMO0154,SKU0390,Personal Care,2023-12-12,2024-01-30,24.3,all
PROMO0155,SKU0396,Snacks,2023-04-11,2023-05-04,19.1,all
PROMO0156,SKU0278,Snacks,2023-06-11,2023-06-18,21.2,all
PROMO0157,SKU0256,Dairy,2022-02-25,2022-03-27,26.9,all
PROMO0158,SKU0148,Personal Care,2024-02-18,2024-03-13,20.3,all
PROMO0159,SKU0312,Beverages,2023-12-17,2023-12-25,33.0,all
PROMO0160,SKU9998,Beverages,2023-12-28,2024-02-08,8.3,all
PROMO0161,SKU0332,Household,2024-05-11,2024-06-16,34.1,all
PROMO0162,SKU0140,Dairy,2023-05-26,2023-06-20,19.5,all
PROMO0163,SKU0075,Beverages,2023-05-10,2023-06-01,18.4,all
PROMO0164,SKU0142,Personal Care,2023-09-06,2023-09-21,32.0,all
PROMO0165,SKU0002,Beverages,2024-05-24,2024-07-20,14.9,all
PROMO0166,SKU0251,Personal Care,2022-11-02,2022-12-16,35.3,all
PROMO0167,SKU0391,Snacks,2023-04-03,2023-05-02,24.0,all
PROMO0168,SKU0123,Snacks,2023-04-12,2023-05-01,25.0,all
PROMO0169,SKU9998,Beverages,2022-08-28,2022-09-30,29.7,all
PROMO0170,SKU0334,Household,2024-04-10,2024-05-29,39.3,all
PROMO0171,SKU0303,Snacks,2023-05-23,2023-06-07,16.6,all
PROMO0172,SKU0234,Personal Care,2022-04-13,2022-05-18,5.5,all
PROMO0173,SKU0039,Beverages,2022-05-28,2022-07-15,21.4,all
PROMO0174,SKU0042,Personal Care,2022-09-29,2022-11-19,34.8,all
PROMO0175,SKU0163,Personal Care,2024-05-22,2024-07-02,26.9,all
PROMO0176,SKU9999,Beverages,2024-02-17,2024-03-29,13.2,all
PROMO0177,SKU0223,Household,2023-12-02,2023-12-23,39.2,all
PROMO0178,SKU0356,Household,2024-02-18,2024-03-02,15.5,all
PROMO0179,SKU0192,Household,2022-01-30,2022-01-29,20.1,all
PROMO0180,SKU0093,Personal Care,2022-09-08,2022-10-21,10.9,all
PROMO0181,SKU0124,Snacks,2022-03-22,2022-04-22,22.4,all
PROMO0182,SKU0236,Dairy,2023-08-21,2023-09-26,13.9,all
PROMO0183,SKU0347,Dairy,2022-01-10,2022-02-15,24.1,all
PROMO0184,SKU0154,Personal Care,2022-03-17,2022-04-15,27.4,all
PROMO0185,SKU0102,Beverages,2023-03-11,2023-04-16,40.0,all
PROMO0186,SKU0184,Household,2024-05-23,2024-06-14,25.1,all
PROMO0187,SKU0141,Household,2023-12-18,2024-02-16,5.3,all
PROMO0188,SKU0382,Snacks,2023-12-04,2023-12-14,22.4,all
PROMO0189,SKU0181,Beverages,2022-10-21,2022-11-11,12.7,all
PROMO0190,SKU0393,Snacks,2022-07-14,2022-09-02,28.1,all
PROMO0191,SKU0331,Beverages,2024-05-08,2024-05-21,6.4,all
PROMO0192,SKU0068,Beverages,2024-03-18,2024-05-01,8.2,all
PROMO0193,SKU0068,Beverages,2022-10-30,2022-12-02,32.5,all
PROMO0194,SKU0132,Household,2023-01-10,2023-02-03,37.0,all
PROMO0195,SKU0174,Dairy,2023-05-09,2023-06-03,33.1,all
PROMO0196,SKU0116,Snacks,2023-04-25,2023-05-11,35.1,all
PROMO0197,SKU0286,Household,2024-01-12,2024-02-13,17.8,all
PROMO0198,SKU0233,Personal Care,2024-03-20,2024-04-12,17.9,all
PROMO0199,SKU0327,Personal Care,2024-02-06,2024-03-21,37.9,all
PROMO0200,SKU9998,Beverages,2022-04-21,2022-05-28,37.0,all
PROMO0201,SKU0359,Snacks,2022-08-15,2022-10-01,15.6,all
PROMO0202,SKU0156,Dairy,2023-02-23,2023-03-04,39.9,all
PROMO0203,SKU0233,Personal Care,2022-04-29,2022-06-09,18.0,all
PROMO0204,SKU0381,Dairy,2024-01-31,2024-03-12,30.4,all
PROMO0205,SKU0209,Snacks,2023-03-01,2023-04-30,37.9,all
PROMO0206,SKU0228,Beverages,2022-10-14,2022-10-08,38.3,all
PROMO0207,SKU0331,Beverages,2024-05-25,2024-07-14,17.6,all
PROMO0208,SKU0233,Personal Care,2023-02-12,2023-02-26,8.2,all
PROMO0209,SKU0026,Snacks,2022-08-06,2022-09-20,32.5,all
PROMO0210,SKU0036,Household,2022-09-07,2022-11-03,34.0,all
PROMO0211,SKU0120,Personal Care,2023-07-22,2023-08-11,16.5,all
PROMO0212,SKU9999,Beverages,2022-06-01,2022-07-16,39.6,all
PROMO0213,SKU0014,Dairy,2023-07-08,2023-07-26,9.6,all
PROMO0214,SKU0009,Dairy,2023-01-02,2023-01-24,11.1,all
PROMO0215,SKU0382,Snacks,2022-02-23,2022-03-28,7.2,all
PROMO0216,SKU0232,Snacks,2023-04-05,2023-05-14,22.6,all
PROMO0217,SKU0330,Beverages,2023-09-22,2023-09-13,38.7,all
PROMO0218,SKU0056,Beverages,2022-03-04,2022-04-05,22.2,all
PROMO0219,SKU0076,Snacks,2023-03-31,2023-04-12,7.3,all
PROMO0220,SKU0167,Beverages,2022-10-09,2022-11-22,18.3,all
PROMO0221,SKU0221,Household,2023-09-04,2023-10-10,8.5,all
PROMO0222,SKU0394,Dairy,2023-12-20,2024-02-06,24.3,all
PROMO0223,SKU0233,Personal Care,2022-08-09,2022-08-30,19.0,all
PROMO0224,SKU0131,Beverages,2024-01-18,2024-02-21,18.1,all
PROMO0225,SKU0044,Beverages,2022-06-06,2022-07-13,8.3,all
PROMO0226,SKU0285,Personal Care,2022-04-09,2022-05-09,7.1,all
PROMO0227,SKU0182,Beverages,2023-07-30,2023-09-17,35.6,all
PROMO0228,SKU0148,Personal Care,2024-02-08,2024-04-01,26.0,all
PROMO0229,SKU0337,Personal Care,2022-12-27,2023-02-04,21.9,all
PROMO0230,SKU0391,Snacks,2024-05-17,2024-06-28,14.7,all
PROMO0231,SKU0319,Household,2022-08-20,2022-10-01,26.5,all
PROMO0232,SKU0356,Household,2023-10-21,2023-12-05,14.4,all
PROMO0233,SKU0174,Dairy,2022-07-04,2022-08-28,17.3,all
PROMO0234,SKU0036,Household,2022-07-05,2022-08-17,10.0,all
PROMO0235,SKU0111,Personal Care,2023-10-11,2023-10-23,18.2,all
PROMO0236,SKU0167,Beverages,2023-04-10,2023-05-10,32.2,all
PROMO0237,SKU0387,Dairy,2023-08-05,2023-08-15,26.6,all
PROMO0238,SKU0249,Dairy,2023-11-22,2023-12-27,26.2,all
PROMO0239,SKU0177,Household,2023-03-01,2023-04-25,20.0,all
PROMO0240,SKU0342,Personal Care,2022-10-18,2022-12-01,15.8,all
PROMO0241,SKU0105,Dairy,2022-08-14,2022-09-28,15.5,all
PROMO0242,SKU0168,Household,2022-08-05,2022-09-29,9.2,all
PROMO0243,SKU0273,Beverages,2023-05-25,2023-06-12,29.6,all
PROMO0244,SKU0037,Dairy,2023-05-28,2023-07-16,18.9,all
PROMO0245,SKU0040,Personal Care,2024-01-30,2024-01-29,35.2,all
PROMO0246,SKU0214,Snacks,2023-08-13,2023-09-14,15.1,all
PROMO0247,SKU0317,Personal Care,2023-02-19,2023-02-13,21.1,all
PROMO0248,SKU0055,Personal Care,2023-12-08,2023-12-20,13.5,all
PROMO0249,SKU0159,Snacks,2023-08-27,2023-09-08,31.1,all
PROMO0250,SKU0325,Snacks,2022-08-15,2022-09-01,9.0,all
PROMO0251,SKU0373,Beverages,2023-06-07,2023-08-02,38.5,all
PROMO0252,SKU0132,Household,2023-10-23,2023-11-14,11.9,all
PROMO0253,SKU0091,Beverages,2023-09-09,2023-11-03,38.3,all
PROMO0254,SKU0297,Personal Care,2023-10-06,2023-11-30,20.7,all
PROMO0255,SKU0322,Snacks,2023-08-02,2023-09-17,16.1,all
PROMO0256,SKU0141,Household,2023-03-27,2023-05-01,25.7,all
PROMO0257,SKU0020,Snacks,2022-12-27,2023-01-22,7.0,all
PROMO0258,SKU0047,Household,2024-05-01,2024-06-18,26.5,all
PROMO0259,SKU0379,Dairy,2023-06-04,2023-07-18,36.4,all
PROMO0260,SKU0165,Beverages,2023-04-06,2023-05-19,26.2,all
PROMO0261,SKU0176,Snacks,2023-05-29,2023-06-08,39.4,all
PROMO0262,SKU9998,Beverages,2022-03-28,2022-04-15,39.7,all
PROMO0263,SKU0145,Personal Care,2023-06-21,2023-07-08,18.6,all
PROMO0264,SKU0324,Household,2024-03-04,2024-04-18,27.7,all
PROMO0265,SKU0146,Household,2022-03-09,2022-04-20,13.8,all
PROMO0266,SKU0171,Household,2024-05-22,2024-07-06,7.9,all
PROMO0267,SKU0336,Snacks,2023-11-11,2023-12-10,29.4,all
PROMO0268,SKU0159,Snacks,2023-02-06,2023-03-30,24.6,all
PROMO0269,SKU0360,Personal Care,2023-10-21,2023-12-19,34.0,all
PROMO0270,SKU0344,Dairy,2024-01-27,2024-03-07,19.8,all
PROMO0271,SKU0110,Beverages,2023-01-06,2023-01-01,17.0,all
PROMO0272,SKU0080,Beverages,2024-02-24,2024-03-16,7.7,all
PROMO0273,SKU0379,Dairy,2024-05-14,2024-06-22,35.9,all
PROMO0274,SKU0306,Household,2022-02-08,2022-04-05,18.2,all
PROMO0275,SKU0085,Dairy,2022-06-16,2022-08-06,30.2,all
PROMO0276,SKU0228,Beverages,2022-02-14,2022-04-05,26.4,all
PROMO0277,SKU0123,Snacks,2024-02-10,2024-03-16,15.8,all
PROMO0278,SKU0348,Beverages,2024-04-08,2024-06-07,38.1,all
PROMO0279,SKU0258,Beverages,2023-03-28,2023-04-22,23.5,all
PROMO0280,SKU0129,Snacks,2022-06-15,2022-08-12,6.8,all
PROMO0281,SKU0365,Beverages,2023-05-08,2023-06-19,34.6,all
PROMO0282,SKU0140,Dairy,2024-05-21,2024-06-02,20.7,all
PROMO0283,SKU0114,Household,2023-06-10,2023-07-14,33.6,all
PROMO0284,SKU0258,Beverages,2022-12-24,2023-01-26,18.1,all
PROMO0285,SKU0164,Beverages,2023-01-31,2023-03-02,37.6,all
PROMO0286,SKU0071,Household,2024-05-09,2024-06-06,6.3,all
PROMO0287,SKU0362,Snacks,2024-04-29,2024-06-28,21.4,all
PROMO0288,SKU9999,Beverages,2023-09-23,2023-09-21,34.2,all
PROMO0289,SKU0057,Beverages,2023-07-16,2023-08-30,32.2,all
PROMO0290,SKU0328,Snacks,2022-09-01,2022-09-11,32.8,all
PROMO0291,SKU0306,Household,2023-04-14,2023-06-13,23.8,all
PROMO0292,SKU0150,Household,2023-10-10,2023-11-01,20.0,all
PROMO0293,SKU0341,Dairy,2023-09-22,2023-11-04,28.4,all
PROMO0294,SKU0279,Dairy,2023-06-21,2023-07-02,22.8,all
PROMO0295,SKU0023,Snacks,2023-06-04,2023-07-05,27.2,all
PROMO0296,SKU0035,Household,2023-01-18,2023-01-26,17.1,all
PROMO0297,SKU0377,Snacks,2024-01-21,2024-02-03,31.5,all
PROMO0298,SKU0330,Beverages,2022-05-17,2022-05-08,11.1,all
PROMO0299,SKU0094,Snacks,2024-03-08,2024-04-28,33.4,all
PROMO0300,SKU9999,Beverages,2022-03-06,2022-04-11,6.5,all
PROMO0301,SKU0264,Snacks,2022-07-24,2022-08-20,18.9,all
PROMO0302,SKU9999,Beverages,2024-04-14,2024-05-07,15.0,all
PROMO0303,SKU0064,Household,2024-06-01,2024-07-19,33.0,all
PROMO0304,SKU0198,Snacks,2023-03-24,2023-05-17,16.9,all
PROMO0305,SKU0266,Dairy,2022-07-11,2022-08-18,14.3,all
PROMO0306,SKU0093,Personal Care,2022-03-26,2022-04-07,24.1,all
PROMO0307,SKU0157,Household,2022-11-25,2022-12-22,20.6,all
PROMO0308,SKU0229,Dairy,2024-01-05,2024-02-25,6.5,all
PROMO0309,SKU0030,Dairy,2022-12-28,2023-01-31,7.6,all
PROMO0310,SKU0348,Beverages,2023-10-15,2023-11-23,10.6,all
PROMO0311,SKU0225,Beverages,2022-02-01,2022-03-18,6.2,all
PROMO0312,SKU0197,Dairy,2022-03-10,2022-04-27,38.2,all
PROMO0313,SKU0190,Beverages,2022-02-03,2022-03-25,18.0,all
PROMO0314,SKU0204,Personal Care,2024-02-21,2024-03-07,16.0,all
PROMO0315,SKU9999,Beverages,2022-10-13,2022-10-27,22.5,all
PROMO0316,SKU0134,Household,2023-02-01,2023-02-15,29.6,all
PROMO0317,SKU0252,Beverages,2022-08-08,2022-09-02,12.0,all
PROMO0318,SKU0366,Dairy,2022-05-19,2022-06-23,20.6,all
PROMO0319,SKU0364,Beverages,2022-03-31,2022-04-27,7.3,all
PROMO0320,SKU0365,Beverages,2023-07-10,2023-08-05,29.8,all
PROMO0321,SKU0115,Dairy,2023-12-19,2024-02-14,9.2,all
PROMO0322,SKU0014,Dairy,2022-07-25,2022-08-16,17.6,all
PROMO0323,SKU0067,Snacks,2023-08-10,2023-10-07,26.4,all
PROMO0324,SKU0369,Dairy,2022-03-30,2022-05-01,21.8,all
PROMO0325,SKU0065,Dairy,2023-02-25,2023-04-25,39.0,all
PROMO0326,SKU0177,Household,2023-10-20,2023-11-25,9.5,all
PROMO0327,SKU0394,Dairy,2024-04-28,2024-06-14,38.8,all
PROMO0328,SKU0266,Dairy,2023-03-20,2023-03-30,10.4,all
PROMO0329,SKU0266,Dairy,2022-06-18,2022-08-09,36.3,all
PROMO0330,SKU0283,Household,2024-05-16,2024-06-04,14.6,all
PROMO0331,SKU0329,Personal Care,2023-10-03,2023-11-13,10.9,all
PROMO0332,SKU0310,Dairy,2023-08-18,2023-10-06,16.8,all
PROMO0333,SKU0329,Personal Care,2023-08-01,2023-07-31,32.0,all
PROMO0334,SKU0317,Personal Care,2022-09-29,2022-11-24,27.4,all
PROMO0335,SKU0155,Snacks,2023-05-25,2023-07-05,21.9,all
PROMO0336,SKU0038,Beverages,2024-04-04,2024-05-06,29.1,all
PROMO0337,SKU0175,Household,2022-06-11,2022-07-18,26.2,all
PROMO0338,SKU0177,Household,2022-11-17,2022-12-14,39.1,all
PROMO0339,SKU0164,Beverages,2022-05-14,2022-06-22,13.5,all
PROMO0340,SKU0026,Snacks,2022-05-06,2022-05-28,15.2,all
PROMO0341,SKU0082,Dairy,2023-01-29,2023-03-03,33.5,all
PROMO0342,SKU0256,Dairy,2023-08-15,2023-09-03,39.9,all
PROMO0343,SKU0047,Household,2023-04-24,2023-05-20,38.1,all
PROMO0344,SKU0181,Beverages,2023-06-02,2023-06-24,6.7,all
PROMO0345,SKU0241,Household,2022-10-16,2022-12-15,15.0,all
PROMO0346,SKU0136,Household,2022-01-09,2022-02-12,30.5,all
PROMO0347,SKU0292,Dairy,2024-02-22,2024-03-02,24.7,all
PROMO0348,SKU0231,Dairy,2023-01-07,2023-01-18,31.8,all
PROMO0349,SKU0061,Dairy,2022-10-14,2022-11-29,9.5,all
PROMO0350,SKU0286,Household,2022-04-10,2022-06-06,37.9,all
PROMO0351,SKU0257,Beverages,2024-02-13,2024-03-29,6.4,all
PROMO0352,SKU0266,Dairy,2022-02-09,2022-03-09,21.0,all
PROMO0353,SKU0314,Personal Care,2023-09-13,2023-09-28,16.1,all
PROMO0354,SKU0304,Snacks,2023-02-07,2023-04-02,16.8,all
PROMO0355,SKU0154,Personal Care,2024-04-28,2024-06-05,21.6,all
PROMO0356,SKU0214,Snacks,2022-01-18,2022-03-09,25.4,all
PROMO0357,SKU0306,Household,2024-03-26,2024-05-16,21.6,all
PROMO0358,SKU0117,Household,2023-11-03,2023-12-29,30.2,all
PROMO0359,SKU0318,Beverages,2023-08-21,2023-09-30,32.1,all
PROMO0360,SKU0294,Household,2023-01-25,2023-03-16,38.2,all
PROMO0361,SKU0078,Dairy,2022-04-23,2022-05-28,19.5,all
PROMO0362,SKU0242,Snacks,2022-07-28,2022-09-22,35.5,all
PROMO0363,SKU0107,Snacks,2024-01-24,2024-03-16,24.6,all
PROMO0364,SKU0089,Household,2023-11-10,2023-12-11,21.1,all
PROMO0365,SKU0370,Personal Care,2023-06-30,2023-07-29,28.8,all
PROMO0366,SKU0127,Household,2024-04-02,2024-05-18,14.8,all
PROMO0367,SKU0361,Beverages,2022-11-02,2022-11-28,12.3,all
PROMO0368,SKU0370,Personal Care,2023-12-23,2024-01-29,14.6,all
PROMO0369,SKU0203,Beverages,2022-05-05,2022-06-15,33.6,all
PROMO0370,SKU9999,Beverages,2024-03-02,2024-03-27,17.1,all
PROMO0371,SKU0104,Personal Care,2023-03-29,2023-05-22,34.0,all
PROMO0372,SKU0056,Beverages,2022-10-05,2022-11-25,26.5,all
PROMO0373,SKU0272,Snacks,2023-08-24,2023-09-03,12.9,all
PROMO0374,SKU0242,Snacks,2022-08-27,2022-09-29,8.5,all
PROMO0375,SKU0081,Dairy,2024-02-29,2024-04-11,19.2,all
PROMO0376,SKU0148,Personal Care,2023-05-03,2023-05-22,16.2,all
PROMO0377,SKU0294,Household,2023-10-24,2023-12-19,13.1,all
PROMO0378,SKU0090,Dairy,2024-01-27,2024-02-05,19.6,all
PROMO0379,SKU0204,Personal Care,2024-05-07,2024-05-16,32.6,all
PROMO0380,SKU0005,Household,2022-07-10,2022-08-04,15.4,all
PROMO0381,SKU0329,Personal Care,2023-09-10,2023-10-08,24.0,all
PROMO0382,SKU0240,Household,2023-05-21,2023-06-05,14.5,all
PROMO0383,SKU0332,Household,2024-04-08,2024-04-25,14.0,all
PROMO0384,SKU0291,Snacks,2022-07-10,2022-07-04,28.6,all
PROMO0385,SKU0219,Dairy,2022-07-17,2022-09-02,23.0,all
PROMO0386,SKU0072,Beverages,2022-03-30,2022-04-12,21.7,all
PROMO0387,SKU0386,Household,2022-09-12,2022-09-05,14.3,all
PROMO0388,SKU0134,Household,2022-12-04,2023-01-26,27.9,all
PROMO0389,SKU0158,Household,2023-12-11,2024-01-29,10.6,all
PROMO0390,SKU0354,Household,2023-12-04,2024-01-25,9.1,all
PROMO0391,SKU0069,Snacks,2022-10-30,2022-11-20,21.7,all
PROMO0392,SKU0360,Personal Care,2023-04-11,2023-05-26,24.2,all
PROMO0393,SKU0112,Household,2023-04-28,2023-06-25,31.7,all
PROMO0394,SKU0229,Dairy,2023-11-28,2024-01-24,23.5,all
PROMO0395,SKU0281,Personal Care,2023-01-06,2023-02-18,36.6,all
PROMO0396,SKU0267,Dairy,2022-07-27,2022-08-12,20.5,all
PROMO0397,SKU0262,Dairy,2023-11-28,2024-01-11,20.6,all
PROMO0398,SKU0289,Dairy,2022-02-26,2022-04-06,7.0,all
PROMO0399,SKU0203,Beverages,2023-04-19,2023-05-15,13.9,all
PROMO0400,SKU0217,Dairy,2022-01-04,2022-02-17,17.1,all
PROMO0401,SKU0036,Household,2022-03-07,2022-03-17,39.5,all
PROMO0402,SKU0070,Beverages,2023-04-29,2023-04-22,31.8,all
PROMO0403,SKU0196,Household,2024-01-17,2024-02-19,20.7,all
PROMO0404,SKU0277,Beverages,2023-01-22,2023-03-13,9.7,all
PROMO0405,SKU0202,Household,2024-05-30,2024-06-17,23.5,all
PROMO0406,SKU9999,Beverages,2024-01-16,2024-03-16,39.2,all
PROMO0407,SKU0195,Beverages,2023-04-20,2023-05-31,33.8,all
PROMO0408,SKU0372,Personal Care,2022-09-11,2022-09-27,31.8,all
PROMO0409,SKU0009,Dairy,2022-02-02,2022-03-07,13.4,all
PROMO0410,SKU0345,Dairy,2022-03-10,2022-03-19,29.6,all
PROMO0411,SKU0120,Personal Care,2022-02-19,2022-02-28,23.9,all
PROMO0412,SKU0149,Household,2024-02-12,2024-02-22,13.2,all
PROMO0413,SKU0345,Dairy,2024-01-20,2024-03-03,33.6,all
PROMO0414,SKU0267,Dairy,2022-08-31,2022-09-16,12.7,all
PROMO0415,SKU0377,Snacks,2022-11-04,2022-12-16,36.9,all
PROMO0416,SKU0177,Household,2023-10-04,2023-11-15,38.0,all
PROMO0417,SKU0214,Snacks,2023-11-19,2023-12-29,19.3,all
PROMO0418,SKU0124,Snacks,2022-11-04,2022-12-29,34.7,all
PROMO0419,SKU0030,Dairy,2022-11-04,2022-11-20,24.7,all
PROMO0420,SKU0131,Beverages,2023-03-03,2023-03-18,12.1,all
PROMO0421,SKU0048,Snacks,2023-10-25,2023-11-29,23.7,all
PROMO0422,SKU0310,Dairy,2024-04-29,2024-05-23,26.1,all
PROMO0423,SKU0344,Dairy,2022-03-16,2022-05-10,24.6,all
PROMO0424,SKU0008,Dairy,2023-05-06,2023-06-03,12.4,all
PROMO0425,SKU0387,Dairy,2022-07-14,2022-07-28,21.8,all
PROMO0426,SKU0123,Snacks,2022-09-06,2022-10-28,24.3,all
PROMO0427,SKU0184,Household,2024-03-05,2024-04-10,15.8,all
PROMO0428,SKU0370,Personal Care,2023-01-04,2023-02-11,21.4,all
PROMO0429,SKU0212,Dairy,2024-05-09,2024-05-29,6.6,all
PROMO0430,SKU0300,Household,2022-08-15,2022-08-23,25.3,all
PROMO0431,SKU0195,Beverages,2023-03-04,2023-03-23,24.9,all
PROMO0432,SKU0173,Household,2022-09-09,2022-10-27,14.0,all
PROMO0433,SKU0252,Beverages,2024-04-21,2024-06-13,21.1,all
PROMO0434,SKU0280,Beverages,2024-01-21,2024-02-07,22.1,all
PROMO0435,SKU0039,Beverages,2023-07-10,2023-07-20,38.1,all
PROMO0436,SKU0323,Personal Care,2023-11-16,2023-11-15,13.1,all
PROMO0437,SKU0192,Household,2023-12-26,2024-01-15,7.1,all
PROMO0438,SKU0338,Beverages,2023-10-16,2023-12-01,22.1,all
PROMO0439,SKU9998,Beverages,2022-01-07,2022-02-09,23.8,all
PROMO0440,SKU0092,Household,2022-10-21,2022-10-14,8.7,all
PROMO0441,SKU0270,Snacks,2022-04-09,2022-05-01,13.8,all
PROMO0442,SKU0208,Personal Care,2022-12-29,2023-01-30,21.1,all
PROMO0443,SKU0042,Personal Care,2022-09-07,2022-09-28,27.9,all
PROMO0444,SKU0195,Beverages,2024-05-28,2024-06-06,18.2,all
PROMO0445,SKU0043,Dairy,2023-05-03,2023-05-10,22.5,all
PROMO0446,SKU0049,Household,2023-03-21,2023-04-18,36.3,all
PROMO0447,SKU0244,Personal Care,2022-02-13,2022-04-05,14.5,all
PROMO0448,SKU0289,Dairy,2022-03-18,2022-04-11,28.0,all
PROMO0449,SKU9999,Beverages,2022-07-03,2022-07-30,25.5,all
PROMO0450,SKU0040,Personal Care,2024-02-10,2024-04-09,15.5,all
PROMO0451,SKU0347,Dairy,2023-08-01,2023-09-30,36.4,all
PROMO0452,SKU0353,Household,2022-12-06,2023-01-29,30.3,all
PROMO0453,SKU0224,Household,2023-05-28,2023-06-26,13.1,all
PROMO0454,SKU0305,Dairy,2022-03-19,2022-05-14,18.9,all
PROMO0455,SKU0231,Dairy,2024-03-03,2024-04-19,22.2,all
PROMO0456,SKU0349,Snacks,2022-12-31,2023-01-31,25.5,all
PROMO0457,SKU0127,Household,2023-01-25,2023-03-12,30.0,all
PROMO0458,SKU0325,Snacks,2022-03-26,2022-04-26,10.4,all
PROMO0459,SKU0158,Household,2023-02-03,2023-02-16,20.6,all
PROMO0460,SKU0221,Household,2024-02-19,2024-03-05,20.7,all
PROMO0461,SKU9998,Beverages,2023-07-23,2023-08-05,24.4,all
PROMO0462,SKU0007,Household,2023-09-04,2023-10-01,15.2,all
PROMO0463,SKU0125,Beverages,2023-02-02,2023-03-27,25.0,all
PROMO0464,SKU0155,Snacks,2022-06-23,2022-07-10,14.4,all
PROMO0465,SKU0154,Personal Care,2022-05-30,2022-07-03,21.9,all
PROMO0466,SKU0254,Beverages,2022-03-20,2022-04-11,25.8,all
PROMO0467,SKU0203,Beverages,2022-07-20,2022-08-04,16.6,all
PROMO0468,SKU0221,Household,2023-09-28,2023-10-26,33.5,all
PROMO0469,SKU0165,Beverages,2024-05-30,2024-07-14,26.1,all
PROMO0470,SKU0204,Personal Care,2023-12-13,2024-01-09,38.9,all
PROMO0471,SKU0295,Beverages,2022-10-26,2022-12-12,32.4,all
PROMO0472,SKU0187,Household,2022-11-30,2023-01-28,9.0,all
PROMO0473,SKU0394,Dairy,2023-08-01,2023-09-11,24.3,all
PROMO0474,SKU0150,Household,2024-01-15,2024-03-07,34.1,all
PROMO0475,SKU0345,Dairy,2022-03-12,2022-05-08,22.5,all
PROMO0476,SKU0367,Beverages,2023-10-11,2023-11-03,19.8,all
PROMO0477,SKU0206,Beverages,2023-01-22,2023-03-08,23.7,all
PROMO0478,SKU0185,Dairy,2023-12-10,2023-12-19,29.6,all
PROMO0479,SKU0056,Beverages,2024-04-11,2024-05-28,31.9,all
PROMO0480,SKU0023,Snacks,2023-11-05,2023-11-22,24.7,all
PROMO0481,SKU0170,Personal Care,2023-10-23,2023-11-24,38.8,all
PROMO0482,SKU0262,Dairy,2023-03-17,2023-03-30,31.1,all
PROMO0483,SKU0192,Household,2023-07-26,2023-09-07,18.7,all
PROMO0484,SKU0177,Household,2024-03-01,2024-04-21,39.9,all
PROMO0485,SKU0044,Beverages,2023-05-10,2023-06-12,9.1,all
PROMO0486,SKU0106,Dairy,2024-01-18,2024-02-13,23.2,all
PROMO0487,SKU0232,Snacks,2022-12-23,2023-01-27,16.2,all
PROMO0488,SKU9998,Beverages,2022-11-04,2022-11-02,27.7,all
PROMO0489,SKU0090,Dairy,2023-11-25,2024-01-18,24.3,all
PROMO0490,SKU0208,Personal Care,2022-12-05,2023-01-10,27.0,all
PROMO0491,SKU0378,Snacks,2022-07-10,2022-08-13,26.5,all
PROMO0492,SKU0361,Beverages,2022-07-22,2022-08-25,12.5,all
PROMO0493,SKU0296,Personal Care,2022-10-13,2022-12-10,8.6,all
PROMO0494,SKU0059,Household,2023-07-04,2023-07-31,14.2,all
PROMO0495,SKU0199,Snacks,2023-05-17,2023-07-03,26.4,all
PROMO0496,SKU0317,Personal Care,2023-08-25,2023-09-23,11.0,all
PROMO0497,SKU0303,Snacks,2023-11-21,2023-12-17,8.0,all
PROMO0498,SKU0094,Snacks,2022-05-18,2022-06-09,18.1,all
PROMO0499,SKU0295,Beverages,2022-05-25,2022-06-27,18.4,all
PROMO0500,SKU0331,Beverages,2022-07-10,2022-08-20,37.6,all
PROMO0501,SKU0096,Household,2022-06-27,2022-08-04,16.0,all
PROMO0502,SKU0249,Dairy,2023-04-07,2023-05-06,9.8,all
PROMO0503,SKU0254,Beverages,2024-04-14,2024-05-26,19.3,all
PROMO0504,SKU0086,Beverages,2023-05-19,2023-07-18,7.9,all
PROMO0505,SKU0141,Household,2022-02-01,2022-02-22,12.9,all
PROMO0506,SKU0396,Snacks,2022-10-23,2022-11-28,31.8,all
PROMO0507,SKU0397,Snacks,2023-07-17,2023-08-29,24.0,all
PROMO0508,SKU9998,Beverages,2023-01-11,2023-03-07,24.1,all
PROMO0509,SKU0127,Household,2023-03-12,2023-05-11,15.4,all
PROMO0510,SKU0045,Snacks,2022-02-03,2022-03-04,20.4,all
PROMO0511,SKU0378,Snacks,2022-05-01,2022-05-23,25.6,all
PROMO0512,SKU0085,Dairy,2022-12-26,2023-02-10,26.6,all
PROMO0513,SKU0292,Dairy,2024-03-14,2024-04-03,17.3,all
PROMO0514,SKU0361,Beverages,2022-10-15,2022-11-01,15.2,all
PROMO0515,SKU0348,Beverages,2023-08-10,2023-09-18,33.5,all
PROMO0516,SKU0031,Household,2022-05-19,2022-07-15,39.7,all
PROMO0517,SKU0365,Beverages,2023-11-03,2023-11-18,16.3,all
PROMO0518,SKU0073,Dairy,2022-09-11,2022-10-31,25.2,all
PROMO0519,SKU0325,Snacks,2022-10-03,2022-11-03,32.8,all
PROMO0520,SKU0356,Household,2024-02-27,2024-04-06,37.8,all
PROMO0521,SKU0002,Beverages,2023-01-13,2023-02-20,35.4,all
PROMO0522,SKU0326,Snacks,2024-05-17,2024-07-09,28.2,all
PROMO0523,SKU0112,Household,2023-01-02,2023-02-28,38.9,all
PROMO0524,SKU0146,Household,2024-04-24,2024-05-18,16.8,all
PROMO0525,SKU0350,Snacks,2023-08-15,2023-09-22,31.7,all
PROMO0526,SKU0009,Dairy,2022-02-17,2022-04-15,9.3,all
PROMO0527,SKU9998,Beverages,2024-05-28,2024-07-03,12.1,all
PROMO0528,SKU0141,Household,2023-12-07,2024-01-24,8.3,all
PROMO0529,SKU0333,Snacks,2023-01-05,2023-02-04,10.8,all
PROMO0530,SKU0120,Personal Care,2023-02-10,2023-04-04,20.0,all
PROMO0531,SKU0040,Personal Care,2022-04-04,2022-04-11,9.6,all
PROMO0532,SKU9998,Beverages,2022-08-20,2022-09-24,33.6,all
PROMO0533,SKU0118,Dairy,2024-05-30,2024-06-14,18.4,all
PROMO0534,SKU0154,Personal Care,2024-01-19,2024-02-01,9.8,all
PROMO0535,SKU0347,Dairy,2024-03-03,2024-03-18,10.0,all
PROMO0536,SKU0226,Snacks,2023-06-28,2023-08-13,17.3,all
PROMO0537,SKU0316,Snacks,2022-08-07,2022-08-23,29.0,all
PROMO0538,SKU0064,Household,2024-05-30,2024-06-12,25.6,all
PROMO0539,SKU0072,Beverages,2023-01-29,2023-03-04,13.7,all
PROMO0540,SKU0370,Personal Care,2023-10-23,2023-12-04,26.3,all
PROMO0541,SKU0338,Beverages,2024-03-08,2024-03-16,35.7,all
PROMO0542,SKU0201,Personal Care,2022-07-30,2022-09-07,15.3,all
PROMO0543,SKU0254,Beverages,2022-02-25,2022-04-23,18.5,all
PROMO0544,SKU0007,Household,2022-09-04,2022-10-19,39.5,all
PROMO0545,SKU0188,Snacks,2022-11-21,2023-01-20,24.1,all
PROMO0546,SKU0301,Personal Care,2022-06-26,2022-08-21,7.4,all
PROMO0547,SKU0204,Personal Care,2022-09-26,2022-10-06,22.7,all
PROMO0548,SKU0360,Personal Care,2023-10-06,2023-12-01,19.1,all
PROMO0549,SKU0043,Dairy,2023-10-18,2023-12-03,15.8,all
PROMO0550,SKU0168,Household,2023-06-08,2023-08-05,18.7,all
PROMO0551,SKU0034,Personal Care,2023-10-12,2023-11-29,15.9,all
PROMO0552,SKU0045,Snacks,2023-03-24,2023-04-15,37.4,all
PROMO0553,SKU0342,Personal Care,2022-04-29,2022-06-13,31.0,all
PROMO0554,SKU0360,Personal Care,2024-01-29,2024-02-05,5.4,all
PROMO0555,SKU0370,Personal Care,2023-05-24,2023-07-03,14.1,all
PROMO0556,SKU0376,Household,2023-01-16,2023-03-13,36.0,all
PROMO0557,SKU0140,Dairy,2024-02-29,2024-03-28,23.3,all
PROMO0558,SKU0255,Snacks,2022-09-27,2022-11-09,20.9,all
PROMO0559,SKU0081,Dairy,2023-01-04,2023-02-16,13.9,all
PROMO0560,SKU0117,Household,2022-04-16,2022-06-05,30.9,all
PROMO0561,SKU0242,Snacks,2022-01-03,2022-01-02,17.7,all
PROMO0562,SKU0366,Dairy,2022-06-03,2022-06-12,30.9,all
PROMO0563,SKU0369,Dairy,2023-03-06,2023-03-28,16.2,all
PROMO0564,SKU0345,Dairy,2024-04-25,2024-05-25,36.6,all
PROMO0565,SKU0206,Beverages,2022-07-03,2022-08-12,7.4,all
PROMO0566,SKU0168,Household,2023-04-22,2023-06-17,8.0,all
PROMO0567,SKU0156,Dairy,2023-04-13,2023-04-09,30.9,all
PROMO0568,SKU0396,Snacks,2022-09-06,2022-10-20,32.2,all
PROMO0569,SKU0078,Dairy,2024-01-21,2024-03-16,5.2,all
PROMO0570,SKU0356,Household,2023-02-24,2023-02-15,35.7,all
PROMO0571,SKU0373,Beverages,2022-12-10,2022-12-03,15.8,all
PROMO0572,SKU0031,Household,2022-07-30,2022-08-21,39.0,all
PROMO0573,SKU9999,Beverages,2022-05-26,2022-06-07,36.4,all
PROMO0574,SKU0383,Household,2023-06-17,2023-07-17,8.0,all
PROMO0575,SKU0039,Beverages,2022-04-08,2022-05-25,25.7,all
PROMO0576,SKU0134,Household,2022-03-05,2022-03-20,34.8,all
PROMO0577,SKU0163,Personal Care,2024-03-31,2024-05-30,20.8,all
PROMO0578,SKU0395,Beverages,2022-08-28,2022-09-16,25.5,all
PROMO0579,SKU0209,Snacks,2022-06-09,2022-07-14,9.2,all
PROMO0580,SKU0238,Household,2023-01-02,2023-01-22,14.3,all
PROMO0581,SKU0361,Beverages,2022-05-03,2022-06-30,29.4,all
PROMO0582,SKU0365,Beverages,2022-02-11,2022-03-10,13.7,all
PROMO0583,SKU0134,Household,2022-12-31,2023-01-10,33.7,all
PROMO0584,SKU0285,Personal Care,2022-06-28,2022-06-21,31.2,all
PROMO0585,SKU0072,Beverages,2022-09-13,2022-09-26,9.3,all
PROMO0586,SKU0206,Beverages,2022-03-05,2022-03-26,18.0,all
PROMO0587,SKU0133,Beverages,2023-10-08,2023-10-20,37.1,all
PROMO0588,SKU0331,Beverages,2022-03-18,2022-03-16,20.5,all
PROMO0589,SKU0063,Personal Care,2022-05-12,2022-07-11,6.5,all
PROMO0590,SKU0371,Snacks,2023-04-18,2023-05-31,18.8,all
PROMO0591,SKU0110,Beverages,2022-01-31,2022-03-06,36.8,all
PROMO0592,SKU9999,Beverages,2022-10-09,2022-10-25,27.7,all
PROMO0593,SKU0045,Snacks,2023-05-26,2023-07-07,14.8,all
PROMO0594,SKU0270,Snacks,2022-05-21,2022-07-08,13.7,all
PROMO0595,SKU0366,Dairy,2024-04-01,2024-04-09,17.6,all
PROMO0596,SKU0258,Beverages,2023-07-12,2023-08-10,16.3,all
PROMO0597,SKU0016,Beverages,2022-10-04,2022-10-31,36.4,all
PROMO0598,SKU0272,Snacks,2024-03-08,2024-05-05,17.5,all
PROMO0599,SKU0337,Personal Care,2023-08-22,2023-09-08,13.4,all
PROMO0600,SKU0113,Household,2023-07-01,2023-08-24,25.1,all
PROMO0601,SKU0089,Household,2024-03-27,2024-05-26,11.2,all
PROMO0602,SKU0303,Snacks,2023-08-30,2023-10-23,6.0,all
PROMO0603,SKU0289,Dairy,2023-12-19,2024-01-31,38.2,all
PROMO0604,SKU0090,Dairy,2024-05-06,2024-06-13,22.2,all
PROMO0605,SKU0270,Snacks,2022-04-03,2022-05-18,21.7,all
PROMO0606,SKU0175,Household,2022-12-06,2022-12-25,30.1,all
PROMO0607,SKU0076,Snacks,2024-04-01,2024-04-28,25.5,all
PROMO0608,SKU0038,Beverages,2022-05-26,2022-07-05,18.1,all
PROMO0609,SKU0166,Snacks,2023-11-10,2023-11-23,9.8,all
PROMO0610,SKU0250,Beverages,2022-06-11,2022-07-15,27.7,all
PROMO0611,SKU0315,Beverages,2022-06-28,2022-08-09,32.5,all
PROMO0612,SKU0158,Household,2022-08-17,2022-10-15,30.7,all
PROMO0613,SKU9998,Beverages,2022-10-29,2022-12-21,34.8,all
PROMO0614,SKU0163,Personal Care,2024-02-29,2024-03-09,37.2,all
PROMO0615,SKU0255,Snacks,2023-09-19,2023-11-01,9.9,all
PROMO0616,SKU0086,Beverages,2024-02-03,2024-03-03,27.3,all
PROMO0617,SKU0172,Snacks,2022-04-01,2022-05-20,20.6,all
PROMO0618,SKU0132,Household,2022-09-29,2022-11-19,32.5,all
PROMO0619,SKU0215,Personal Care,2024-01-08,2024-01-01,38.9,all
PROMO0620,SKU0193,Household,2023-02-28,2023-03-31,8.5,all
PROMO0621,SKU0352,Personal Care,2023-05-06,2023-06-18,12.9,all
PROMO0622,SKU0164,Beverages,2023-04-08,2023-04-17,14.1,all
PROMO0623,SKU0083,Beverages,2022-04-18,2022-05-05,30.6,all
PROMO0624,SKU0315,Beverages,2023-07-15,2023-07-27,36.3,all
PROMO0625,SKU0223,Household,2023-12-23,2023-12-20,10.5,all
PROMO0626,SKU0284,Beverages,2022-04-14,2022-05-03,30.3,all
PROMO0627,SKU0122,Personal Care,2024-01-18,2024-03-07,8.4,all
PROMO0628,SKU0028,Snacks,2023-02-07,2023-04-08,17.6,all
PROMO0629,SKU0308,Snacks,2023-03-14,2023-05-12,21.8,all
PROMO0630,SKU0042,Personal Care,2022-04-10,2022-04-07,21.6,all
PROMO0631,SKU0339,Dairy,2022-04-29,2022-05-31,14.3,all
PROMO0632,SKU0196,Household,2023-10-20,2023-11-07,17.9,all
PROMO0633,SKU0116,Snacks,2023-04-02,2023-03-25,34.3,all
PROMO0634,SKU0050,Household,2023-08-01,2023-09-25,8.0,all
PROMO0635,SKU0302,Snacks,2022-12-19,2023-01-21,13.0,all
PROMO0636,SKU0275,Household,2022-03-04,2022-05-02,29.0,all
PROMO0637,SKU0041,Beverages,2023-05-02,2023-05-24,18.8,all
PROMO0638,SKU0265,Personal Care,2024-05-24,2024-07-02,33.0,all
PROMO0639,SKU0388,Beverages,2023-11-25,2023-12-11,20.7,all
PROMO0640,SKU0022,Beverages,2022-06-21,2022-08-18,19.8,all
PROMO0641,SKU0305,Dairy,2023-12-01,2024-01-29,14.0,all
PROMO0642,SKU0285,Personal Care,2024-01-15,2024-01-26,18.9,all
PROMO0643,SKU0007,Household,2022-11-30,2023-01-09,32.5,all
PROMO0644,SKU0213,Beverages,2023-10-01,2023-11-27,10.2,all
PROMO0645,SKU0052,Dairy,2023-08-04,2023-09-28,37.4,all
PROMO0646,SKU0275,Household,2023-07-31,2023-09-26,35.8,all
PROMO0647,SKU0312,Beverages,2023-02-25,2023-04-14,21.6,all
PROMO0648,SKU0349,Snacks,2022-06-26,2022-07-12,29.3,all
PROMO0649,SKU0026,Snacks,2022-02-09,2022-03-09,31.1,all
PROMO0650,SKU0156,Dairy,2022-10-03,2022-10-11,15.9,all
PROMO0651,SKU0117,Household,2024-05-13,2024-07-03,9.7,all
PROMO0652,SKU0374,Personal Care,2024-02-01,2024-03-31,19.6,all
PROMO0653,SKU0209,Snacks,2023-10-24,2023-11-28,30.9,all
PROMO0654,SKU0264,Snacks,2024-02-17,2024-03-18,32.7,all
PROMO0655,SKU0400,Household,2022-03-09,2022-04-17,34.8,all
PROMO0656,SKU0103,Beverages,2023-08-06,2023-08-02,34.3,all
PROMO0657,SKU0361,Beverages,2022-09-13,2022-09-12,12.0,all
PROMO0658,SKU0064,Household,2023-01-13,2023-02-21,28.8,all
PROMO0659,SKU0243,Beverages,2022-09-05,2022-10-20,25.5,all
PROMO0660,SKU0384,Personal Care,2022-12-25,2023-02-23,34.1,all
PROMO0661,SKU9999,Beverages,2022-04-03,2022-05-04,35.0,all
PROMO0662,SKU0210,Household,2023-10-25,2023-11-14,23.0,all
PROMO0663,SKU9999,Beverages,2024-03-10,2024-04-29,27.7,all
PROMO0664,SKU0157,Household,2023-09-08,2023-09-29,29.9,all
PROMO0665,SKU0179,Snacks,2023-12-28,2024-01-31,21.1,all
PROMO0666,SKU0320,Dairy,2022-08-12,2022-10-01,18.9,all
PROMO0667,SKU0305,Dairy,2022-04-15,2022-04-09,26.3,all
PROMO0668,SKU0142,Personal Care,2022-11-02,2022-12-09,27.4,all
PROMO0669,SKU0334,Household,2024-06-01,2024-07-19,15.5,all
PROMO0670,SKU0308,Snacks,2022-06-03,2022-06-25,19.1,all
PROMO0671,SKU9998,Beverages,2022-11-24,2023-01-16,39.9,all
PROMO0672,SKU0019,Beverages,2022-09-23,2022-10-25,25.4,all
PROMO0673,SKU0114,Household,2023-08-09,2023-09-06,29.0,all
PROMO0674,SKU0154,Personal Care,2023-10-16,2023-12-04,34.6,all
PROMO0675,SKU0050,Household,2024-05-10,2024-06-21,21.5,all
PROMO0676,SKU0094,Snacks,2024-01-29,2024-03-27,38.1,all
PROMO0677,SKU0382,Snacks,2022-12-10,2022-12-31,35.5,all
PROMO0678,SKU0300,Household,2023-03-07,2023-04-04,15.3,all
PROMO0679,SKU0299,Dairy,2024-05-21,2024-05-31,25.3,all
PROMO0680,SKU0349,Snacks,2023-09-28,2023-10-17,18.4,all
PROMO0681,SKU0103,Beverages,2022-11-02,2022-11-18,17.0,all
PROMO0682,SKU0367,Beverages,2023-08-07,2023-09-12,11.3,all
PROMO0683,SKU0161,Beverages,2022-03-24,2022-05-10,27.2,all
PROMO0684,SKU0087,Beverages,2022-01-05,2022-01-25,25.2,all
PROMO0685,SKU0067,Snacks,2022-06-12,2022-08-06,26.5,all
PROMO0686,SKU0197,Dairy,2023-10-11,2023-11-14,5.2,all
PROMO0687,SKU0165,Beverages,2023-07-01,2023-07-31,31.5,all
PROMO0688,SKU9999,Beverages,2023-06-28,2023-08-17,12.9,all
PROMO0689,SKU0302,Snacks,2022-12-19,2023-01-01,15.7,all
PROMO0690,SKU0234,Personal Care,2022-03-08,2022-04-03,30.5,all
PROMO0691,SKU0069,Snacks,2023-09-03,2023-10-07,17.0,all
PROMO0692,SKU0207,Household,2023-05-17,2023-06-05,5.7,all
PROMO0693,SKU0012,Household,2022-08-18,2022-09-02,25.6,all
PROMO0694,SKU0020,Snacks,2022-06-23,2022-08-14,18.1,all
PROMO0695,SKU0305,Dairy,2023-10-18,2023-11-28,39.8,all
PROMO0696,SKU9999,Beverages,2023-11-09,2024-01-08,19.6,all
PROMO0697,SKU0079,Household,2023-01-25,2023-02-17,12.2,all
PROMO0698,SKU0052,Dairy,2023-12-04,2023-12-30,28.2,all
PROMO0699,SKU0054,Dairy,2022-10-04,2022-11-24,22.9,all
PROMO0700,SKU0255,Snacks,2023-09-25,2023-10-09,12.0,all
PROMO0701,SKU0104,Personal Care,2022-07-24,2022-09-22,17.5,all
PROMO0702,SKU0107,Snacks,2023-02-24,2023-03-05,29.1,all
PROMO0703,SKU9999,Beverages,2023-05-08,2023-05-15,36.7,all
PROMO0704,SKU0047,Household,2024-05-05,2024-06-12,32.3,all
PROMO0705,SKU0330,Beverages,2022-03-18,2022-03-31,13.1,all
PROMO0706,SKU0090,Dairy,2022-10-31,2022-11-10,35.6,all
PROMO0707,SKU0219,Dairy,2024-05-22,2024-07-19,30.8,all
PROMO0708,SKU9999,Beverages,2022-04-08,2022-04-17,28.2,all
PROMO0709,SKU0138,Snacks,2022-06-24,2022-07-29,35.7,all
PROMO0710,SKU0206,Beverages,2022-04-06,2022-05-04,19.0,all
PROMO0711,SKU0245,Beverages,2023-04-13,2023-05-14,33.0,all
PROMO0712,SKU0357,Beverages,2023-10-27,2023-11-13,30.4,all
PROMO0713,SKU0248,Personal Care,2024-05-14,2024-06-16,33.1,all
PROMO0714,SKU0184,Household,2023-11-26,2024-01-11,26.4,all
PROMO0715,SKU0067,Snacks,2023-12-02,2024-01-24,21.9,all
PROMO0716,SKU0033,Personal Care,2023-05-15,2023-06-17,14.2,all
PROMO0717,SKU0296,Personal Care,2022-11-18,2022-11-09,30.3,all
PROMO0718,SKU0266,Dairy,2022-08-18,2022-10-06,23.3,all
PROMO0719,SKU0128,Personal Care,2023-12-19,2024-01-22,21.9,all
PROMO0720,SKU0286,Household,2023-11-11,2023-12-12,36.2,all
PROMO0721,SKU0259,Personal Care,2023-09-20,2023-11-07,34.7,all
PROMO0722,SKU0252,Beverages,2024-05-22,2024-06-08,16.2,all
PROMO0723,SKU0282,Personal Care,2022-12-05,2022-12-15,27.5,all
PROMO0724,SKU0294,Household,2023-02-17,2023-03-01,20.7,all
PROMO0725,SKU0255,Snacks,2024-05-27,2024-06-23,31.1,all
PROMO0726,SKU9999,Beverages,2022-01-19,2022-02-21,33.9,all
PROMO0727,SKU0261,Household,2024-03-21,2024-05-06,24.7,all
PROMO0728,SKU0028,Snacks,2023-11-02,2023-11-30,33.6,all
PROMO0729,SKU0308,Snacks,2024-05-14,2024-06-25,21.6,all
PROMO0730,SKU0389,Personal Care,2023-11-04,2023-12-09,28.1,all
PROMO0731,SKU0150,Household,2022-01-03,2022-03-04,24.2,all
PROMO0732,SKU0253,Beverages,2023-01-18,2023-01-27,9.9,all
PROMO0733,SKU0313,Dairy,2024-01-05,2024-02-07,11.9,all
PROMO0734,SKU0098,Snacks,2022-05-04,2022-06-05,30.1,all
PROMO0735,SKU0345,Dairy,2022-04-21,2022-04-30,25.6,all
PROMO0736,SKU0259,Personal Care,2024-03-01,2024-04-06,9.7,all
PROMO0737,SKU0222,Beverages,2023-05-26,2023-05-25,34.4,all
PROMO0738,SKU0091,Beverages,2023-05-10,2023-07-05,29.2,all
PROMO0739,SKU0337,Personal Care,2022-06-27,2022-07-12,26.0,all
PROMO0740,SKU0312,Beverages,2022-11-26,2022-12-27,37.1,all
PROMO0741,SKU0151,Snacks,2024-02-20,2024-03-23,20.8,all
PROMO0742,SKU0384,Personal Care,2022-05-17,2022-07-01,22.9,all
PROMO0743,SKU0284,Beverages,2024-05-13,2024-06-09,27.1,all
PROMO0744,SKU0177,Household,2022-07-25,2022-09-15,37.2,all
PROMO0745,SKU0092,Household,2022-05-16,2022-07-03,22.6,all
PROMO0746,SKU0181,Beverages,2023-12-12,2024-02-02,24.7,all
PROMO0747,SKU0346,Personal Care,2023-08-20,2023-10-08,31.2,all
PROMO0748,SKU0268,Dairy,2024-05-11,2024-06-14,8.7,all
PROMO0749,SKU0137,Beverages,2023-01-26,2023-03-16,31.3,all
PROMO0750,SKU0032,Beverages,2022-06-14,2022-08-03,29.2,all
PROMO0751,SKU9998,Beverages,2022-10-30,2022-12-10,8.6,all
PROMO0752,SKU0288,Personal Care,2023-11-23,2023-12-14,18.6,all
PROMO0753,SKU0355,Beverages,2023-06-08,2023-08-05,28.3,all
PROMO0754,SKU0161,Beverages,2023-01-26,2023-03-24,38.8,all
PROMO0755,SKU0400,Household,2022-02-25,2022-02-20,35.1,all
PROMO0756,SKU0332,Household,2023-03-30,2023-05-16,17.9,all
PROMO0757,SKU0372,Personal Care,2023-08-26,2023-10-10,38.8,all
PROMO0758,SKU0089,Household,2022-10-29,2022-12-18,30.7,all
PROMO0759,SKU0136,Household,2022-05-03,2022-06-06,9.6,all
PROMO0760,SKU0364,Beverages,2023-08-22,2023-08-29,37.8,all
PROMO0761,SKU0397,Snacks,2022-02-10,2022-03-09,37.6,all
PROMO0762,SKU0294,Household,2023-09-23,2023-10-19,24.3,all
PROMO0763,SKU0095,Dairy,2022-03-16,2022-04-12,23.2,all
PROMO0764,SKU0207,Household,2024-03-16,2024-04-18,8.2,all
PROMO0765,SKU0185,Dairy,2022-08-15,2022-10-03,15.3,all
PROMO0766,SKU0386,Household,2024-02-10,2024-03-18,39.3,all
PROMO0767,SKU0329,Personal Care,2022-01-10,2022-02-08,26.5,all
PROMO0768,SKU0165,Beverages,2023-09-29,2023-10-08,18.3,all
PROMO0769,SKU0371,Snacks,2024-03-26,2024-04-26,14.9,all
PROMO0770,SKU0261,Household,2023-06-14,2023-07-14,20.6,all
PROMO0771,SKU0264,Snacks,2022-02-14,2022-04-03,7.9,all
PROMO0772,SKU0004,Beverages,2022-04-09,2022-06-04,26.9,all
PROMO0773,SKU0351,Personal Care,2022-08-04,2022-09-29,19.8,all
PROMO0774,SKU0380,Snacks,2022-04-17,2022-06-16,32.1,all
PROMO0775,SKU0079,Household,2023-10-25,2023-11-05,5.8,all
PROMO0776,SKU0092,Household,2024-01-05,2024-01-17,32.8,all
PROMO0777,SKU0133,Beverages,2023-07-26,2023-09-23,19.3,all
PROMO0778,SKU0200,Household,2023-04-07,2023-05-11,28.6,all
PROMO0779,SKU0382,Snacks,2023-07-02,2023-06-22,25.5,all
PROMO0780,SKU0055,Personal Care,2023-12-19,2024-01-17,15.1,all
PROMO0781,SKU0225,Beverages,2023-12-04,2023-12-16,18.3,all
PROMO0782,SKU0113,Household,2024-04-21,2024-05-28,9.8,all
PROMO0783,SKU0325,Snacks,2023-02-05,2023-03-18,10.0,all
PROMO0784,SKU0332,Household,2023-11-25,2024-01-21,18.1,all
PROMO0785,SKU0022,Beverages,2022-01-12,2022-02-23,5.2,all
PROMO0786,SKU0157,Household,2023-09-03,2023-10-15,12.4,all
PROMO0787,SKU0331,Beverages,2024-01-30,2024-02-28,34.8,all
PROMO0788,SKU0130,Snacks,2022-05-26,2022-06-16,11.8,all
PROMO0789,SKU0385,Beverages,2022-07-05,2022-08-17,37.6,all
PROMO0790,SKU0344,Dairy,2023-07-17,2023-08-28,7.4,all
PROMO0791,SKU0170,Personal Care,2022-04-11,2022-05-25,17.5,all
PROMO0792,SKU0036,Household,2023-11-19,2023-12-02,36.5,all
PROMO0793,SKU0157,Household,2022-11-22,2022-12-20,29.3,all
PROMO0794,SKU0220,Dairy,2022-06-06,2022-07-06,10.9,all
PROMO0795,SKU0329,Personal Care,2022-11-17,2022-12-08,20.3,all
PROMO0796,SKU0246,Beverages,2024-05-10,2024-06-29,21.2,all
PROMO0797,SKU0090,Dairy,2023-01-03,2023-02-10,27.6,all
PROMO0798,SKU0276,Household,2022-03-25,2022-05-23,11.9,all
PROMO0799,SKU0010,Personal Care,2024-01-22,2024-02-02,34.7,all
PROMO0800,SKU0394,Dairy,2023-10-09,2023-09-29,25.7,all
OV1_SKU0019,SKU0019,Beverages,2023-03-03,2023-04-02,10.0,in_store
OV2_SKU0019,SKU0019,Beverages,2023-03-18,2023-04-17,15.0,online
OV1_SKU0283,SKU0283,Household,2023-02-12,2023-03-14,10.0,in_store
OV2_SKU0283,SKU0283,Household,2023-02-27,2023-03-29,15.0,online
OV1_SKU0134,SKU0134,Household,2023-05-12,2023-06-11,10.0,in_store
OV2_SKU0134,SKU0134,Household,2023-05-27,2023-06-26,15.0,online
OV1_SKU0279,SKU0279,Dairy,2023-02-05,2023-03-07,10.0,in_store
OV2_SKU0279,SKU0279,Dairy,2023-02-20,2023-03-22,15.0,online
OV1_SKU0277,SKU0277,Beverages,2023-04-25,2023-05-25,10.0,in_store
OV2_SKU0277,SKU0277,Beverages,2023-05-10,2023-06-09,15.0,online
OV1_SKU0242,SKU0242,Snacks,2023-02-10,2023-03-12,10.0,in_store
OV2_SKU0242,SKU0242,Snacks,2023-02-25,2023-03-27,15.0,online
OV1_SKU0335,SKU0335,Household,2023-02-15,2023-03-17,10.0,in_store
OV2_SKU0335,SKU0335,Household,2023-03-02,2023-04-01,15.0,online
OV1_SKU0397,SKU0397,Snacks,2023-05-25,2023-06-24,10.0,in_store
OV2_SKU0397,SKU0397,Snacks,2023-06-09,2023-07-09,15.0,online
OV1_SKU0077,SKU0077,Household,2023-05-25,2023-06-24,10.0,in_store
OV2_SKU0077,SKU0077,Household,2023-06-09,2023-07-09,15.0,online
OV1_SKU0188,SKU0188,Snacks,2023-02-07,2023-03-09,10.0,in_store
OV2_SKU0188,SKU0188,Snacks,2023-02-22,2023-03-24,15.0,online
OV1_SKU0201,SKU0201,Personal Care,2023-05-04,2023-06-03,10.0,in_store
OV2_SKU0201,SKU0201,Personal Care,2023-05-19,2023-06-18,15.0,online
OV1_SKU0115,SKU0115,Dairy,2023-04-02,2023-05-02,10.0,in_store
OV2_SKU0115,SKU0115,Dairy,2023-04-17,2023-05-17,15.0,online
OV1_SKU0396,SKU0396,Snacks,2023-01-11,2023-02-10,10.0,in_store
OV2_SKU0396,SKU0396,Snacks,2023-01-26,2023-02-25,15.0,online
OV1_SKU0302,SKU0302,Snacks,2023-02-26,2023-03-28,10.0,in_store
OV2_SKU0302,SKU0302,Snacks,2023-03-13,2023-04-12,15.0,online
OV1_SKU0376,SKU0376,Household,2023-05-05,2023-06-04,10.0,in_store
OV2_SKU0376,SKU0376,Household,2023-05-20,2023-06-19,15.0,online
OV1_SKU0149,SKU0149,Household,2023-03-01,2023-03-31,10.0,in_store
OV2_SKU0149,SKU0149,Household,2023-03-16,2023-04-15,15.0,online
OV1_SKU0069,SKU0069,Snacks,2023-01-17,2023-02-16,10.0,in_store
OV2_SKU0069,SKU0069,Snacks,2023-02-01,2023-03-03,15.0,online
OV1_SKU0238,SKU0238,Household,2023-03-09,2023-04-08,10.0,in_store
OV2_SKU0238,SKU0238,Household,2023-03-24,2023-04-23,15.0,online
OV1_SKU0257,SKU0257,Beverages,2023-04-05,2023-05-05,10.0,in_store
OV2_SKU0257,SKU0257,Beverages,2023-04-20,2023-05-20,15.0,online
OV1_SKU0262,SKU0262,Dairy,2023-03-01,2023-03-31,10.0,in_store
OV2_SKU0262,SKU0262,Dairy,2023-03-16,2023-04-15,15.0,online
OV1_SKU0047,SKU0047,Household,2023-01-11,2023-02-10,10.0,in_store
OV2_SKU0047,SKU0047,Household,2023-01-26,2023-02-25,15.0,online
OV1_SKU0204,SKU0204,Personal Care,2023-02-22,2023-03-24,10.0,in_store
OV2_SKU0204,SKU0204,Personal Care,2023-03-09,2023-04-08,15.0,online
OV1_SKU0187,SKU0187,Household,2023-05-13,2023-06-12,10.0,in_store
OV2_SKU0187,SKU0187,Household,2023-05-28,2023-06-27,15.0,online
OV1_SKU0258,SKU0258,Beverages,2023-04-03,2023-05-03,10.0,in_store
OV2_SKU0258,SKU0258,Beverages,2023-04-18,2023-05-18,15.0,online
OV1_SKU0006,SKU0006,Household,2023-04-10,2023-05-10,10.0,in_store
OV2_SKU0006,SKU0006,Household,2023-04-25,2023-05-25,15.0,online
